"Timestamp","How knowledgeable are you about the NBA?","Oklahoma City Thunder @ Orlando Magic","How confident are you that your selection is correct? (percentage)","What percentage of people do you think will agree with your selection? (percentage)","Los Angeles Lakers @ New York Knicks","How confident are you that your selection is correct? (percentage)","What percentage of people do you think will agree with your selection? (percentage)","Washington	Wizards @ Miami Heat","How confident are you that your selection is correct? (percentage)","What percentage of people do you think will agree with your selection? (percentage)","	Philadelphia @ Toronto","How confident are you that your selection is correct? (percentage)","What percentage of people do you think will agree with your selection? (percentage)","Los Angeles Clippers @ Atlanta Hawks","How confident are you that your selection is correct? (percentage)","What percentage of people do you think will agree with your selection? (percentage)","Minnesota Timberwolves @ Chicago Bulls","How confident are you that your selection is correct? (percentage)","What percentage of people do you think will agree with your selection? (percentage)","Denver Nuggets @ Houston Rockets","How confident are you that your selection is correct? (percentage)","What percentage of people do you think will agree with your selection? (percentage)","Indiana Pacers @ Phoenix Suns","How confident are you that your selection is correct? (percentage)","What percentage of people do you think will agree with your selection? (percentage)","San Antonio Spurs @ New Orleans Pelicans","How confident are you that your selection is correct? (percentage)","What percentage of people do you think will agree with your selection? (percentage)","Utah Jazz @ Golden State Warriors","How confident are you that your selection is correct? (percentage)","What percentage of people do you think will agree with your selection? (percentage)","Sacramento Kings @ Detroit Pistons","How confident are you that your selection is correct? (percentage)","What percentage of people do you think will agree with your selection? (percentage)","Memphis Grizzlies @ Boston Celtics","How confident are you that your selection is correct? (percentage)","What percentage of people do you think will agree with your selection? (percentage)"
"2020/01/22 1:31:03 am EET","Slightly knowledgeable","Oklahoma City Thunders","20","40","Los Angeles Lakers","60","50","Miami Heat","20","40","Toronto Raptors","75","80","Atlanta Hawks","20","40","Minnesota Timberwolves","40","60","Houston Rockets","60","60","Indiana Pacers","25","40","San Antonio Spurs","70","60","Golden State Warriors","90","95","Detroit Pistons","40","50","Boston Celtics","40","50"
"2020/01/22 1:35:58 am EET","Very knowledgeable","Oklahoma City Thunders","80","55","Los Angeles Lakers","90","80","Miami Heat","85","70","Toronto Raptors","65","50","Los Angeles Clippers","95","80","Minnesota Timberwolves","40","25","Houston Rockets","60","55","Indiana Pacers","69","55","San Antonio Spurs","70","50","Utah Jazz","90","45","Detroit Pistons","55","70","Boston Celtics","90","80"
"2020/01/22 9:48:01 am EET","Very knowledgeable","Oklahoma City Thunder","80","70","Los Angeles Lakers","90","100","Miami Heat","70","50","Philadelphia 76ers","85","60","Los Angeles Clippers","55","50","Chicago Bulls","60","70","Houston Rockets","90","90","Indiana Pacers","50","50","San Antonio Spurs","90","95","Golden State Warriors","70","95","Detroit Pistons","70 ","50","Boston Celtics","80","75"
"2020/01/22 9:56:43 am EET","Not knowledgeable at all","Oklahoma City Thunder","50","50","Los Angeles Lakers","50","50","Washington Wizards","50","50","Philadelphia 76ers","50","50","Los Angeles Clippers","50","50","Minnesota Timberwolves","50","50","Denver Nuggets","50","50","Phoenix Suns","50","50","San Antonio Spurs","50","50","Golden State Warriors","50","50","Detroit Pistons","50","50","Boston Celtics","50","50"
"2020/01/22 10:09:07 am EET","Slightly knowledgeable","Orlando Magic","23","30","Los Angeles Lakers","50","30","Miami Heat","35","50","Toronto Raptors","67","80","Los Angeles Clippers","50","30","Minnesota Timberwolves","20","60","Houston Rockets","70","50","Phoenix Suns","50","30","San Antonio Spurs","40","55","Golden State Warriors","60","70","Sacramento Kings","45","30","Boston Celtics","20","60"
"2020/01/22 11:19:59 am EET","Extremely knowledgeable","Oklahoma City Thunder","70","50","Los Angeles Lakers","90","90","Miami Heat","80","70","Philadelphia 76ers","70","50","Los Angeles Clippers","80","80","Chicago Bulls","70","50","Denver Nuggets","80","60","Phoenix Suns","70","50","New Orleans Pelicans","60","50","Utah Jazz","80","80","Sacramento Kings","70","40","Boston Celtics","70","60"
"2020/01/22 11:56:13 am EET","Moderately knowledgeable","Oklahoma City Thunder","80","85","Los Angeles Lakers","100","100","Miami Heat","50","60","Philadelphia 76ers","50","50","Atlanta Hawks","70","80","Chicago Bulls","80","50","Houston Rockets","100","100","Phoenix Suns","20","50","New Orleans Pelicans","60","50","Utah Jazz","70","70","Detroit Pistons","50","60","Boston Celtics","75","70"
"2020/01/22 12:06:03 pm EET","Slightly knowledgeable","Oklahoma City Thunder","80","65","Los Angeles Lakers","90","80","Washington Wizards","65","60","Philadelphia 76ers","75","70","Los Angeles Clippers","65","60","Chicago Bulls","85","70","Houston Rockets","75","70","Indiana Pacers","60","60","San Antonio Spurs","79","70","Golden State Warriors","95","85","Sacramento Kings","85","80","Boston Celtics","80","80"
"2020/01/22 12:16:02 pm EET","Slightly knowledgeable","Oklahoma City Thunder","0","50","Los Angeles Lakers","90","90","Miami Heat","60","70","Toronto Raptors","60","60","Los Angeles Clippers","70","59","Chicago Bulls","80","80","Houston Rockets","70","70","Indiana Pacers","50","50","San Antonio Spurs","60","60","Utah Jazz","90","95","Sacramento Kings","60","60","Boston Celtics","70","70"
"2020/01/22 12:18:23 pm EET","Moderately knowledgeable","Oklahoma City Thunder","70","70","Los Angeles Lakers","100","60","Miami Heat","80","5","Toronto Raptors","79","50","Los Angeles Clippers","100","10","Minnesota Timberwolves","89","60","Denver Nuggets","80","60","Indiana Pacers","80","60","San Antonio Spurs","10","100","Utah Jazz","80","60","Sacramento Kings","80","60","Boston Celtics","100","80"
"2020/01/22 12:21:50 pm EET","Moderately knowledgeable","Oklahoma City Thunder","75","70","Los Angeles Lakers","90","90","Miami Heat","65","65","Philadelphia 76ers","55","60","Los Angeles Clippers","90","95","Minnesota Timberwolves","55","50","Houston Rockets","50","50","Indiana Pacers","60","60","San Antonio Spurs","55","55","Utah Jazz","75","90","Detroit Pistons","50","50","Boston Celtics","70","75"
"2020/01/22 1:06:43 pm EET","Moderately knowledgeable","Oklahoma City Thunder","100","75","Los Angeles Lakers","100","100","Miami Heat","70","70","Toronto Raptors","50","50","Los Angeles Clippers","100","100","Minnesota Timberwolves","70","70","Denver Nuggets","70","60","Indiana Pacers","60","60","San Antonio Spurs","80","70","Utah Jazz","100","100","Sacramento Kings","50","50","Boston Celtics","80","80"
"2020/01/22 1:10:48 pm EET","Moderately knowledgeable","Oklahoma City Thunder","90","80","New York Knicks","100","85","Washington Wizards","70","70","Toronto Raptors","80","80","Los Angeles Clippers","95","90","Minnesota Timberwolves","60","60","Houston Rockets","70","60","Indiana Pacers","70","70","San Antonio Spurs","80","75","Golden State Warriors","100","90","Sacramento Kings","85","70","Memphis Grizzlies","60","60"
"2020/01/22 1:14:41 pm EET","Not knowledgeable at all","Orlando Magic","50","50","Los Angeles Lakers","100","100","Miami Heat","60","50","Philadelphia 76ers","80","60","Los Angeles Clippers","100","75","Chicago Bulls","90","80","Denver Nuggets","60","50","Phoenix Suns","68","48","New Orleans Pelicans","50","50","Golden State Warriors","100","100","Sacramento Kings","80","70","Boston Celtics","65","45"
"2020/01/22 1:41:59 pm EET","Moderately knowledgeable","Oklahoma City Thunder","50","45","Los Angeles Lakers","100","100","Washington Wizards","80","70","Philadelphia 76ers","80","70","Atlanta Hawks","70","65","Chicago Bulls","100","100","Denver Nuggets","80","80","Indiana Pacers","80","80","San Antonio Spurs","70","65","Golden State Warriors","100","100","Detroit Pistons","90","80","Boston Celtics","100","100"
"2020/01/22 2:12:40 pm EET","Very knowledgeable","Oklahoma City Thunder","100","80","Los Angeles Lakers","100","100","Miami Heat","80","70","Toronto Raptors","65","50","Los Angeles Clippers","100","100","Minnesota Timberwolves","70","65","Houston Rockets","85","80","Indiana Pacers","70","60","New Orleans Pelicans","60","40","Utah Jazz","90","80","Sacramento Kings","70","67","Boston Celtics","60","70"
"2020/01/22 2:31:00 pm EET","Moderately knowledgeable","Oklahoma City Thunder","70","50","Los Angeles Lakers","70","70","Miami Heat","70","70","Philadelphia 76ers","70","70","Los Angeles Clippers","70","70","Chicago Bulls","70","70","Houston Rockets","70","70","Indiana Pacers","70","70","San Antonio Spurs","70","70","Utah Jazz","70","70","Detroit Pistons","70","70","Boston Celtics","70","70"
"2020/01/22 3:36:39 pm EET","Very knowledgeable","Oklahoma City Thunder","80 ","80 ","Los Angeles Lakers","100","100","Miami Heat","100","90","Philadelphia 76ers","80","70 ","Los Angeles Clippers","100","100","Minnesota Timberwolves","90","70 ","Houston Rockets","80","60 ","Indiana Pacers","80","80","San Antonio Spurs","80","80","Golden State Warriors","70","60 ","Sacramento Kings","60 ","60","Boston Celtics","100","95"
"2020/01/22 3:43:06 pm EET","Moderately knowledgeable","Oklahoma City Thunder","60","50","Los Angeles Lakers","98","95","Miami Heat","70","60","Philadelphia 76ers","75","70","Los Angeles Clippers","90","80","Chicago Bulls","60","50","Houston Rockets","50","50","Indiana Pacers","60","59","San Antonio Spurs","70","60","Utah Jazz","55","60","Sacramento Kings","50","50","Boston Celtics","80","68"
"2020/01/22 3:44:06 pm EET","Very knowledgeable","Oklahoma City Thunder","90","85","Los Angeles Lakers","99","99","Miami Heat","85","85","Toronto Raptors","65","55","Los Angeles Clippers","80","85","Chicago Bulls","60","65","Denver Nuggets","60","35","Indiana Pacers","70","65","San Antonio Spurs","75","65","Utah Jazz","90","90","Detroit Pistons","60","70","Boston Celtics","85","75"
"2020/01/22 4:03:29 pm EET","Moderately knowledgeable","Orlando Magic","50","65","Los Angeles Lakers","100","100","Miami Heat","80","90","Philadelphia 76ers","60","40","Los Angeles Clippers","90","90","Chicago Bulls","50","50","Denver Nuggets","75","30","Indiana Pacers","60","40","San Antonio Spurs","75","60","Utah Jazz","95","100","Detroit Pistons","65","50","Boston Celtics","85","80"
"2020/01/22 6:21:48 pm EET","Not knowledgeable at all","Oklahoma City Thunder","40","60","Los Angeles Lakers","100","95","Miami Heat","90","85","Toronto Raptors","65","50","Los Angeles Clippers","100","100","Chicago Bulls","35","50","Houston Rockets","45","60","Indiana Pacers","50","65","San Antonio Spurs","50","50","Utah Jazz","70","70","Detroit Pistons","50","50","Boston Celtics","65","45"
"2020/01/22 6:30:25 pm EET","Moderately knowledgeable","Oklahoma City Thunder","90","90","Los Angeles Lakers","90","90","Washington Wizards","70","60","Toronto Raptors","80","80","Los Angeles Clippers","60","60","Minnesota Timberwolves","80","80","Houston Rockets","60","70","Indiana Pacers","90","90","San Antonio Spurs","80","80","Golden State Warriors","80","90","Detroit Pistons","80","80","Boston Celtics","90","90"
"2020/01/22 6:47:55 pm EET","Moderately knowledgeable","Oklahoma City Thunder","90","75","Los Angeles Lakers","95","95","Miami Heat","60","60","Philadelphia 76ers","50","50","Los Angeles Clippers","100","100","Chicago Bulls","50","50","Denver Nuggets","50","50","Indiana Pacers","50","50","San Antonio Spurs","70","70","Utah Jazz","100","79","Detroit Pistons","70","70","Boston Celtics","100","50"
"2020/01/22 6:58:00 pm EET","Very knowledgeable","Oklahoma City Thunder","60","50","Los Angeles Lakers","100","80","Miami Heat","55","55","Toronto Raptors","70","60","Los Angeles Clippers","75","80","Chicago Bulls","40","40","Denver Nuggets","60","30","Indiana Pacers","10","40","New Orleans Pelicans","80","85","Utah Jazz","90","88","Sacramento Kings","60","45","Boston Celtics","70","69"